ksptot,ksth,ksphi,ksminv,emeas,ksalign,total_num,total_soft_num
428.05435,1.5875946,0.2483492,486.15268,675.0,0.999725,20000,3197
456.0459,1.4632931,3.2510276,494.74142,675.0,0.99994034,20000,3197
474.76642,1.0247476,6.1732492,509.95465,675.0,0.99976707,20000,3197
453.72964,2.1725235,1.0055263,499.70337,675.0,0.99894625,20000,3197
418.46164,1.543108,1.1204185,484.81857,675.0,0.99999994,20000,3197
481.36432,1.6792761,4.7278123,505.87466,675.0,0.9996213,20000,3197
466.89026,1.808143,4.2119293,516.01215,675.0,0.9986626,20000,3197
458.2568,1.2891077,5.726455,497.84518,675.0,0.9999503,20000,3197
458.86234,1.1838765,4.2866626,498.5859,675.0,0.99999523,20000,3197
449.30267,1.8599209,5.46384,486.78326,675.0,0.99974793,20000,3197
451.40366,1.2777648,5.0762167,494.42868,675.0,0.99986845,20000,3197
455.36066,1.3717188,4.1797194,492.38742,675.0,0.99999887,20000,3197
462.61438,1.8670014,4.948753,498.0427,675.0,0.9992547,20000,3197
455.03275,1.1526169,6.0671144,495.16025,675.0,0.9999054,20000,3197
459.56586,2.1124334,4.1697206,499.8919,675.0,0.99968135,20000,3197
449.08945,1.2062364,1.6005892,482.64645,675.0,0.99662066,20000,3197
455.09875,1.2915653,6.09038,500.71606,675.0,0.9999871,20000,3197
448.77844,2.0588117,6.251086,491.55658,675.0,0.9998236,20000,3197
486.9638,2.1912243,5.5802436,511.16864,675.0,0.9996572,20000,3197
433.1073,2.1883242,1.0617305,483.61447,675.0,0.9992415,20000,3197
447.53607,1.2616546,6.200766,499.23267,675.0,0.9967773,20000,3197
439.34686,1.0742748,5.0562043,492.73663,675.0,0.99994624,20000,3197
446.2614,1.3027669,4.2384257,492.16403,675.0,0.9996567,20000,3197
443.03912,1.0854776,0.30659127,482.83353,675.0,0.9999624,20000,3197
458.57156,1.4490108,0.28847447,502.6643,675.0,0.9980137,20000,3197
455.3998,1.9165752,6.0642276,497.22824,675.0,0.99999815,20000,3197
455.70572,1.3703057,0.5958624,501.59573,675.0,0.99998575,20000,3197
439.27155,1.6076291,1.8695912,456.6471,675.0,0.99179953,20000,3197
483.9863,1.7977164,1.1373181,508.39987,675.0,0.9730204,20000,3197
449.27853,1.8856694,1.8168792,495.69943,675.0,0.99999607,20000,3197
450.2575,2.0205836,5.675539,497.52762,675.0,0.9967499,20000,3197
444.85907,1.8156222,6.0567417,500.063,675.0,0.9996721,20000,3197
452.4517,1.5860205,1.7355494,492.42383,675.0,0.99974656,20000,3197
432.33804,1.2312868,3.9291868,488.6728,675.0,0.9999674,20000,3197
464.48224,1.7243235,3.2877004,501.22534,675.0,0.9999923,20000,3197
459.03055,1.9299049,3.3642454,506.15262,675.0,0.9997684,20000,3197
446.47144,1.0929407,1.6328754,492.8231,675.0,0.999974,20000,3197
462.5596,1.0492373,2.113801,501.34015,675.0,0.9999861,20000,3197
454.6219,2.1168134,5.439477,496.5363,675.0,0.99983376,20000,3197
458.9441,1.9216217,5.8316617,500.17523,675.0,0.99961704,20000,3197
456.83527,1.5425384,0.90067387,500.11658,675.0,0.99996096,20000,3197
457.9688,0.9633779,0.16606802,499.2343,675.0,0.999951,20000,3197
435.78128,1.9225795,3.4899185,492.51602,675.0,0.99998635,20000,3197
438.59805,1.6279442,5.3498816,498.56625,675.0,0.9999776,20000,3197
461.6742,1.5482227,1.2317965,499.24152,675.0,0.9999882,20000,3197
440.33212,2.0479317,3.331714,491.71176,675.0,0.9999262,20000,3197
448.19623,1.6735947,4.8178897,493.9109,675.0,0.99995553,20000,3197
460.5251,1.347734,4.2735295,503.20944,675.0,0.9999985,20000,3197
468.5324,1.559627,1.162284,505.9154,675.0,0.99981666,20000,3197
444.63135,1.9822347,4.6689563,489.204,675.0,0.9977999,20000,3197
450.0076,1.4072266,4.2416296,496.9264,675.0,0.9999579,20000,3197
439.39627,1.8956958,5.018317,494.5403,675.0,1.0,20000,3197
463.79135,1.6590315,2.4277601,507.63998,675.0,0.9997518,20000,3197
452.55392,1.2084347,6.0073423,496.6859,675.0,0.9998662,20000,3197
444.30798,1.6708215,1.9156276,492.15192,675.0,0.99916315,20000,3197
455.42764,2.0487173,5.253671,496.45868,675.0,0.9992187,20000,3197
463.3757,1.6481866,4.4222503,502.461,675.0,0.9998035,20000,3197
422.49448,2.392357,4.7951965,502.36008,675.0,0.9888869,20000,3197
455.66092,1.715582,0.09385837,496.589,675.0,0.9999525,20000,3197
465.2996,1.5472085,3.5741508,502.8605,675.0,0.99932504,20000,3197
445.207,1.7304243,4.7308655,490.71323,675.0,0.99994755,20000,3197
463.6304,1.4853625,4.143729,507.83466,675.0,0.9998924,20000,3197
464.50278,1.6038996,5.3295655,496.3628,675.0,0.9999926,20000,3197
456.63934,1.809613,5.8207326,497.44925,675.0,0.9999785,20000,3197
443.64392,1.9555155,4.728533,493.00797,675.0,0.9999857,20000,3197
416.74796,1.287919,1.6001854,494.61166,675.0,0.99921757,20000,3197
460.912,1.7106342,1.4186938,501.18008,675.0,0.99994266,20000,3197
461.1686,1.9227209,3.4311683,499.97122,675.0,0.99998915,20000,3197
464.1843,2.2123988,4.613764,500.04056,675.0,0.99990416,20000,3197
459.03473,1.6254959,1.713339,498.18448,675.0,0.9999831,20000,3197
432.41507,2.3941317,2.6675754,486.4443,675.0,0.99998677,20000,3197
427.7481,1.2744637,2.3638744,495.9324,675.0,0.9991668,20000,3197
457.1895,1.5597141,1.3239688,497.60168,675.0,0.9995179,20000,3197
460.72272,1.9226002,5.3996286,497.95374,675.0,0.9999752,20000,3197
434.73117,2.0029032,4.598713,485.23737,675.0,0.99890053,20000,3197
462.28513,1.9554784,3.8907776,502.4753,675.0,0.9992745,20000,3197
454.17453,1.9335834,4.692343,494.90466,675.0,0.9999969,20000,3197
456.58646,1.7520818,6.0876026,507.37076,675.0,0.99996245,20000,3197
423.96878,1.61917,6.1471295,493.0012,675.0,0.99995166,20000,3197
430.74258,1.2041725,3.8441973,493.8992,675.0,0.99999875,20000,3197
464.49493,1.4857495,1.9377759,500.42804,675.0,0.9996743,20000,3197
446.60565,1.9681295,3.565298,492.93414,675.0,0.9998785,20000,3197
477.9726,0.51120055,5.030402,502.76193,675.0,0.99276567,20000,3197
481.16705,1.4253868,0.3019723,508.43463,675.0,0.97631085,20000,3197
469.85928,0.77717376,4.042229,502.6745,675.0,0.9999999,20000,3197
474.76083,1.3722255,5.493818,501.25162,675.0,0.9954976,20000,3197
459.13345,2.0456154,3.5403264,504.20306,675.0,0.99988705,20000,3197
476.91153,1.1573795,1.8978778,503.73096,675.0,0.9999507,20000,3197
432.4568,0.9398899,5.373966,510.6159,675.0,0.99860024,20000,3197
470.29257,1.571788,4.3536477,505.62167,675.0,0.9999164,20000,3197
460.5011,0.9704903,1.6326191,501.79236,675.0,0.9999946,20000,3197
458.016,1.3714185,3.7605855,491.67838,675.0,0.9999648,20000,3197
447.14792,1.1204995,1.3749299,493.2513,675.0,0.9999973,20000,3197
452.33783,1.7035125,4.583509,497.33035,675.0,0.9999972,20000,3197
468.04123,1.5381314,0.17515583,504.1421,675.0,0.99963814,20000,3197
496.25363,2.036355,2.630741,519.04315,675.0,0.99933726,20000,3197
420.92795,0.87028545,1.1129179,482.13058,675.0,0.9998022,20000,3197
446.7086,1.4238447,4.3625875,492.3846,675.0,0.99999636,20000,3197
467.40955,1.5404696,1.1161482,498.064,675.0,0.9930194,20000,3197
456.30765,1.5241051,1.59187,498.4964,675.0,0.9999812,20000,3197
471.37015,1.1386598,4.261789,508.43488,675.0,0.99987376,20000,3197
473.56335,1.1288373,3.4663174,505.6669,675.0,0.99998826,20000,3197
487.09995,2.2454476,1.4673647,518.12634,675.0,0.99981433,20000,3197
492.60184,2.5796874,3.3650708,512.4939,675.0,0.9922132,20000,3197
423.58508,0.9977692,1.9941967,484.6734,675.0,0.99938214,20000,3197
480.7038,1.3904543,5.1594496,508.1396,675.0,0.9999096,20000,3197
441.60068,1.5990686,0.56102246,504.4578,675.0,0.9999815,20000,3197
461.66238,1.8118013,4.3875375,498.33353,675.0,0.9999609,20000,3197
454.493,1.0350717,2.4104111,493.85318,675.0,0.9997318,20000,3197
454.5419,1.3517612,4.6891766,500.39456,675.0,0.9999282,20000,3197
440.0711,1.7200371,0.055986628,489.22778,675.0,0.99851906,20000,3197
445.937,1.6970333,0.54254603,494.28033,675.0,1.0,20000,3197
452.75714,0.9627906,6.10084,491.83008,675.0,0.99997413,20000,3197
456.34772,0.80998766,4.197265,497.47202,675.0,0.999996,20000,3197
438.19055,1.4627647,2.0456407,488.05814,675.0,0.9998077,20000,3197
455.76105,0.96865934,1.5269485,508.57736,675.0,0.99929464,20000,3197
468.88754,1.5047017,4.788221,508.11493,675.0,0.9908101,20000,3197
455.44888,1.7592123,2.2571087,495.50555,675.0,0.9999455,20000,3197
480.1018,2.617369,1.432575,510.30707,675.0,0.9979999,20000,3197
449.06775,1.5290848,4.3645024,494.95724,675.0,0.9993626,20000,3197
445.7419,2.3914185,1.8107642,505.68365,675.0,0.9881589,20000,3197
432.38113,2.0408757,1.2068614,492.38852,675.0,0.9998957,20000,3197
447.4764,1.784002,4.6106243,494.2354,675.0,0.9942676,20000,3197
442.90976,1.7985259,3.3030746,485.72675,675.0,0.9997171,20000,3197
468.04337,1.3393179,2.0427177,502.37228,675.0,0.99983084,20000,3197
452.37955,1.772126,4.587828,498.75363,675.0,0.99999785,20000,3197
452.8844,1.5518066,4.9619656,493.912,675.0,0.99974114,20000,3197
450.56918,1.412332,6.2387075,491.33636,675.0,0.9999876,20000,3197
440.9648,2.31471,3.6381586,501.32672,675.0,0.999999,20000,3197
447.47424,2.3060772,6.135508,492.2186,675.0,0.99999654,20000,3197
449.03015,1.4756168,0.95354474,493.4872,675.0,0.999988,20000,3197
460.11118,1.3090985,1.6814603,501.73282,675.0,0.99999994,20000,3197
451.66373,1.558677,1.1079943,495.549,675.0,0.9986697,20000,3197
444.93616,1.0905563,0.57544667,493.24823,675.0,0.9999983,20000,3197
455.3502,1.1611389,3.1895196,499.57794,675.0,0.9999985,20000,3197
449.00815,1.8213018,6.0376983,491.64566,675.0,0.9992971,20000,3197
458.23462,2.079485,3.625263,499.1962,675.0,0.9999994,20000,3197
482.316,1.2661737,3.287949,542.77344,675.0,0.9858608,20000,3197
449.15366,0.9274311,2.776908,493.95453,675.0,0.99999034,20000,3197
462.24823,2.3794556,3.8180792,501.64417,675.0,0.99996084,20000,3197
460.2321,1.1890078,3.8160367,500.09927,675.0,0.9999948,20000,3197
435.2046,1.013168,2.4185677,484.75784,675.0,0.9969576,20000,3197
441.2079,1.7428783,6.208065,502.36044,675.0,0.99999684,20000,3197
460.25397,1.7922598,2.7755182,502.59018,675.0,0.9952681,20000,3197
446.49667,2.0139072,1.4085889,480.6184,675.0,0.985,20000,3197
456.22156,1.7641965,2.22039,501.57724,675.0,0.99986064,20000,3197
488.8771,1.6252539,3.9139009,530.8518,675.0,0.9222382,20000,3197
449.7507,1.9101475,1.6066513,490.5525,675.0,0.99996835,20000,3197
441.56854,1.0616053,4.6836953,491.61993,675.0,0.9999991,20000,3197
468.21027,1.4298999,3.8975468,506.9463,675.0,0.99995506,20000,3197
441.25723,1.2759142,2.2984836,485.31934,675.0,0.9997501,20000,3197
449.52286,1.7391218,5.5028906,494.3413,675.0,0.99990165,20000,3197
458.51254,1.7642075,5.525229,504.37253,675.0,0.9992746,20000,3197
452.32904,1.5021983,5.775384,500.40262,675.0,0.998383,20000,3197
443.0929,1.9299698,2.7625275,492.83096,675.0,0.9999376,20000,3197
489.50238,0.67372394,1.1614852,517.21875,675.0,0.99537,20000,3197
457.18246,1.3716829,3.129798,496.78253,675.0,0.99963605,20000,3197
448.9212,2.0652876,2.9249525,495.5062,675.0,0.9999385,20000,3197
472.7125,1.3690108,6.0729156,501.08496,675.0,0.9999662,20000,3197
451.77164,1.2012872,4.2015047,495.23495,675.0,0.9999301,20000,3197
452.28003,1.4196811,5.642815,493.2515,675.0,0.99997926,20000,3197
477.34808,1.2243493,0.50238967,516.48987,675.0,0.93422425,20000,3197
447.7886,0.96941626,1.1320375,491.39948,675.0,0.9978213,20000,3197
453.74982,1.354904,0.5745473,492.51465,675.0,0.99892265,20000,3197
469.0025,1.7182875,2.804683,498.54742,675.0,0.9265929,20000,3197
455.8495,2.1200302,2.9897583,498.97604,675.0,0.9999328,20000,3197
460.30685,1.5345803,3.4249082,502.19043,675.0,0.999998,20000,3197
455.585,1.606773,1.8629354,497.4914,675.0,0.99999285,20000,3197
496.24796,1.9501356,4.2609406,520.64435,675.0,0.9997085,20000,3197
444.27475,0.9687894,3.8570247,493.861,675.0,0.9998902,20000,3197
424.17792,1.606719,2.3913782,496.09604,675.0,0.9998731,20000,3197
442.09695,2.2032135,1.6105472,492.9616,675.0,0.9999754,20000,3197
455.41565,2.0015924,2.7946515,491.46048,675.0,0.999942,20000,3197
460.66696,1.8363689,0.8777906,499.81766,675.0,0.9999745,20000,3197
463.01385,1.2276151,4.0478044,501.5444,675.0,0.9997384,20000,3197
479.7693,1.5428152,3.7580717,508.41388,675.0,0.9999738,20000,3197
439.3889,2.1158898,4.428914,489.98828,675.0,0.9994274,20000,3197
490.31128,1.7648343,0.6100573,505.77945,675.0,0.9998705,20000,3197
465.3082,2.7096658,4.422777,513.46686,675.0,0.99884695,20000,3197
423.23013,2.4285681,5.5460176,485.38516,675.0,0.9990968,20000,3197
472.3658,2.3956482,3.3340025,508.91226,675.0,0.9984319,20000,3197
458.9085,1.3639647,1.2582831,496.11874,675.0,0.9979851,20000,3197
479.77,2.1738212,2.2066908,495.58847,675.0,0.99120575,20000,3197
463.3699,1.6473664,5.6731653,503.8811,675.0,0.99980086,20000,3197
451.49765,1.0759171,5.5968537,487.88354,675.0,0.99997836,20000,3197
482.62546,1.0102675,1.5811361,501.31903,675.0,0.9996356,20000,3197
448.87427,2.2639372,4.1303873,508.72897,675.0,0.9997013,20000,3197
453.48145,1.651711,2.3506248,495.10178,675.0,0.999997,20000,3197
452.71112,0.7879831,2.8189282,504.92453,675.0,0.9999919,20000,3197
476.12064,1.7408465,3.605644,503.65384,675.0,0.9992621,20000,3197
453.1406,2.493329,1.1344833,471.39276,675.0,0.99987155,20000,3197
487.71475,1.6350796,0.7670599,506.77045,675.0,0.99998343,20000,3197
453.69882,1.4695414,5.4897194,494.72864,675.0,1.0,20000,3197
462.37744,1.915565,0.5093631,501.59348,675.0,0.9999938,20000,3197
470.0946,0.7612882,3.0197732,501.6564,675.0,0.9981763,20000,3197
457.13077,1.6793809,5.658686,496.10645,675.0,0.99978775,20000,3197
425.33536,0.8377663,3.9354992,479.78735,675.0,0.99977064,20000,3197
469.50623,2.5638855,4.8059335,498.7298,675.0,0.99975544,20000,3197
453.60306,1.9434069,2.23853,498.84525,675.0,0.9997543,20000,3197
481.5813,1.149892,0.07427739,517.2425,675.0,0.99964225,20000,3197
458.71054,1.1599231,4.24076,498.54297,675.0,0.9995712,20000,3197
486.20493,1.8124201,1.7303993,493.38614,675.0,0.89568275,20000,3197
452.34576,1.8430686,4.398127,491.92422,675.0,0.9997403,20000,3197
454.6737,1.0919975,5.0649834,496.05603,675.0,0.9999345,20000,3197
474.08612,0.93650967,4.401465,505.99213,675.0,0.9998288,20000,3197
477.49072,0.7500063,0.6174286,504.76016,675.0,0.9999982,20000,3197
442.8899,1.7375015,2.3922596,490.85757,675.0,0.99695635,20000,3197
441.40308,1.3616818,2.9118545,484.07962,675.0,0.99978846,20000,3197
457.58905,1.409931,4.1838284,494.88742,675.0,0.9999998,20000,3197
455.35483,2.1994963,1.4494816,496.63477,675.0,0.9999999,20000,3197
458.21344,2.32387,5.1327853,497.0717,675.0,0.999998,20000,3197
465.95193,1.1233565,3.2070417,491.87613,675.0,0.9921904,20000,3197
455.1423,1.8877362,4.7977405,451.74274,675.0,0.9801545,20000,3197
464.9487,1.7245898,2.2661817,499.32544,675.0,0.99999887,20000,3197
473.1715,1.4708475,4.698713,503.60284,675.0,0.9999937,20000,3197
458.60028,2.0219023,3.1410909,501.0743,675.0,0.9999847,20000,3197
436.01163,1.5811651,1.0507071,495.983,675.0,0.9999144,20000,3197
445.75885,0.7998591,5.8790154,493.68576,675.0,0.9999997,20000,3197
446.80664,1.6850129,3.402962,490.67523,675.0,0.9999887,20000,3197
455.0245,1.9255903,0.1594947,497.32623,675.0,0.99999124,20000,3197
454.41022,1.4201858,1.1808486,497.70517,675.0,0.9999742,20000,3197
452.58276,2.1613278,5.5207663,490.49127,675.0,0.99986833,20000,3197
447.47452,1.027757,4.8613706,491.7366,675.0,0.9999745,20000,3197
446.46472,1.7539899,2.8153641,498.27307,675.0,0.9998026,20000,3197
440.56863,1.7452886,0.9132862,493.6591,675.0,0.99988216,20000,3197
450.93536,1.6913766,3.6819584,495.54395,675.0,0.99994624,20000,3197
460.8034,1.6539394,3.9697819,500.06946,675.0,0.99812573,20000,3197
415.03796,2.4509404,1.5886388,487.16364,675.0,0.9999607,20000,3197
433.87582,1.4478252,1.2765058,487.17566,675.0,0.9999666,20000,3197
443.61536,1.4515201,0.5122712,490.44946,675.0,0.99998224,20000,3197
449.74707,0.8280707,5.8830943,492.60526,675.0,0.99994904,20000,3197
475.5893,1.6068304,6.2780094,504.58905,675.0,0.99995106,20000,3197
447.7287,1.2248075,2.6332083,496.82288,675.0,0.99990374,20000,3197
439.01007,1.4244894,3.5503366,490.41345,675.0,0.999958,20000,3197
437.49622,1.2854598,5.8815956,486.47382,675.0,0.9998927,20000,3197
443.71558,1.3264687,5.9175944,486.47266,675.0,0.999962,20000,3197
451.49408,1.7422599,1.1859201,486.1421,675.0,0.9999396,20000,3197
437.7545,1.9193666,5.465504,488.80444,675.0,0.9994254,20000,3197
461.81406,2.4469097,3.463128,505.15405,675.0,0.9998354,20000,3197
444.06857,1.6984234,0.45930386,490.63702,675.0,0.9999845,20000,3197
429.61362,1.4950202,3.3109672,481.43118,675.0,0.9872416,20000,3197
474.72592,1.1158487,1.4024541,511.8312,675.0,0.9999058,20000,3197
466.68475,1.312058,3.7318237,502.25708,675.0,0.99979323,20000,3197
455.9627,1.9796771,0.43196043,496.18146,675.0,0.9965526,20000,3197
429.50418,1.0750699,0.78286344,473.24707,675.0,0.9824556,20000,3197
470.88614,1.2665735,2.7351213,506.74222,675.0,0.9995293,20000,3197
460.43243,1.6177257,4.785627,500.4624,675.0,0.9998238,20000,3197
441.33643,1.9776156,1.1020575,468.99658,675.0,0.99972546,20000,3197
455.69046,1.566448,0.3804183,498.1585,675.0,0.9998866,20000,3197
477.35,0.98200923,2.307747,503.2621,675.0,0.9997716,20000,3197
442.05338,0.6370219,0.506543,490.0927,675.0,0.99873674,20000,3197
456.83325,1.9739593,0.18823469,498.14737,675.0,0.99996626,20000,3197
451.8421,1.3668141,5.40982,472.01697,675.0,0.9999997,20000,3197
454.4967,1.4149852,0.77159566,493.71524,675.0,0.9996266,20000,3197
453.93445,1.5146261,4.7440133,495.32724,675.0,0.9964466,20000,3197
444.54922,1.324403,0.6044124,493.28137,675.0,0.99788356,20000,3197
466.7424,2.083696,4.448125,498.06525,675.0,1.0,20000,3197
437.5756,2.04043,5.4281697,483.5678,675.0,0.9999995,20000,3197
458.14453,0.7754632,2.185781,494.9706,675.0,0.99993104,20000,3197
436.54755,1.9912212,1.5069075,483.37857,675.0,0.99869376,20000,3197
448.24585,1.9384795,2.707407,495.74747,675.0,0.9999999,20000,3197
457.8966,1.6217202,2.984866,494.10028,675.0,0.99999964,20000,3197
459.36993,1.5219449,1.0955492,498.42538,675.0,0.99872065,20000,3197
446.53506,0.9424886,3.4220688,489.47256,675.0,0.99825644,20000,3197
463.6233,1.5283822,3.2665207,498.77603,675.0,0.99664843,20000,3197
463.14438,1.4948363,3.9014835,506.51465,675.0,0.999948,20000,3197
443.60568,1.6749451,1.3127604,493.3071,675.0,0.99997956,20000,3197
444.144,1.2435987,4.79951,483.2006,675.0,0.9969694,20000,3197
443.28378,1.3476062,2.164941,488.62112,675.0,0.9999243,20000,3197
453.3658,1.3347868,0.1439072,497.51324,675.0,0.99922085,20000,3197
447.0955,1.5175732,3.8856106,495.0695,675.0,0.99993736,20000,3197
426.63672,1.3504541,0.4469486,486.53607,675.0,0.9999913,20000,3197
457.5654,1.3243735,2.8392093,511.99216,675.0,0.99988616,20000,3197
447.4034,1.990242,1.3945472,504.25647,675.0,0.99971634,20000,3197
467.49652,2.034633,0.42110917,501.9702,675.0,0.99988234,20000,3197
466.14807,1.2246274,4.972945,504.09558,675.0,0.999914,20000,3197
454.80704,1.6736894,5.679988,498.44333,675.0,0.9999687,20000,3197
422.03442,1.0684495,4.8784456,502.31683,675.0,0.99998623,20000,3197
429.6273,0.87194306,2.6019905,499.9262,675.0,0.99999684,20000,3197
447.99387,1.2242068,0.15219082,495.443,675.0,0.99841666,20000,3197
458.29526,1.7483534,0.51777446,499.39795,675.0,0.9999699,20000,3197
462.73508,1.9390442,3.9526463,496.15787,675.0,0.9999981,20000,3197
419.53577,1.8010468,0.10592551,432.70197,675.0,0.9135183,20000,3197
464.51187,1.2604723,4.599484,501.90945,675.0,0.99557036,20000,3197
441.90842,1.7977257,0.05139062,491.48883,675.0,0.9998497,20000,3197
451.55615,1.1976267,0.3049581,500.13852,675.0,0.99999356,20000,3197
417.18936,0.7354714,3.3130844,482.83554,675.0,0.9999233,20000,3197
455.24832,1.0375952,1.2479997,497.08078,675.0,0.9998927,20000,3197
459.03854,1.9350225,6.0081773,500.12073,675.0,0.99999017,20000,3197
442.54596,0.9856817,2.7708776,490.06372,675.0,0.99995613,20000,3197
445.3911,1.6438627,4.3570175,492.12918,675.0,1.0,20000,3197
454.41864,1.9543822,0.8299662,499.9264,675.0,0.99984944,20000,3197
449.94135,1.5355301,2.6478617,496.39838,675.0,0.9999887,20000,3197
458.032,1.6391948,4.0578337,494.60718,675.0,0.99961835,20000,3197
433.51886,1.5245119,0.9257267,480.61734,675.0,0.9999928,20000,3197
441.64984,1.7263722,3.2709818,486.9013,675.0,0.99996114,20000,3197
453.21872,1.8776085,5.086795,491.54102,675.0,0.9993361,20000,3197
464.62323,1.6127018,2.309501,499.87167,675.0,0.99963176,20000,3197
482.0844,2.2098489,5.12263,475.20074,675.0,0.98710215,20000,3197
461.3164,2.3327124,1.4336731,504.34528,675.0,1.0,20000,3197
476.49515,1.8288152,5.9034357,505.6061,675.0,0.9999997,20000,3197
445.37155,2.5076618,4.642486,490.61124,675.0,1.0,20000,3197
450.66086,1.5901743,3.7625825,493.8581,675.0,0.99999774,20000,3197
413.2863,2.1217575,1.3695856,483.5976,675.0,0.99833363,20000,3197
455.2652,1.1423062,5.5116076,500.13126,675.0,0.9999961,20000,3197
467.19025,1.2657523,4.748943,503.4028,675.0,0.99974763,20000,3197
491.55704,1.9082887,0.37233472,533.84705,675.0,0.99750674,20000,3197
470.7618,1.7429438,2.6909373,501.2978,675.0,0.9970032,20000,3197
467.8217,1.537171,1.3170592,528.1799,675.0,0.99075526,20000,3197
461.91556,1.9137412,5.0963564,501.19888,675.0,0.99999946,20000,3197
456.85025,1.853919,1.4087452,495.1809,675.0,0.99999803,20000,3197
469.5874,1.7875055,1.2217366,503.24503,675.0,0.99996763,20000,3197
469.39438,2.0675437,0.40955797,504.0369,675.0,0.9999463,20000,3197
472.10617,1.2510291,3.973562,576.77185,675.0,0.9575192,20000,3197
444.93512,0.7829168,4.9811363,490.85974,675.0,0.9990954,20000,3197
453.61743,1.5250152,5.8708725,496.70865,675.0,0.99990094,20000,3197
453.79623,1.710202,0.13674936,496.76077,675.0,0.999905,20000,3197
446.58093,1.4053439,1.6957536,494.12622,675.0,0.9980772,20000,3197
455.51154,0.85472286,4.9030037,492.40393,675.0,0.999494,20000,3197
455.8477,1.4474425,0.9660663,498.10312,675.0,0.9997944,20000,3197
490.55447,2.6674006,3.4922047,516.83844,675.0,0.9971618,20000,3197
445.92593,1.9840848,0.20989609,491.57233,675.0,0.99992627,20000,3197
436.32822,1.5751668,3.1304362,482.7754,675.0,0.981009,20000,3197
447.9936,1.5656357,5.6290684,493.69586,675.0,0.999937,20000,3197
457.8476,1.8745934,3.6379275,498.79495,675.0,0.9999254,20000,3197
431.80893,1.6392993,4.4867277,490.92197,675.0,0.9999103,20000,3197
463.3924,1.745662,0.954297,485.2414,675.0,0.99946356,20000,3197
445.9252,1.5590348,1.5204569,499.5111,675.0,0.9999793,20000,3197
426.66022,2.1938226,1.5945296,500.84744,675.0,0.99999523,20000,3197
494.91846,2.1975665,1.02886,512.5969,675.0,0.9979027,20000,3197
452.54446,2.1604316,6.077466,498.77405,675.0,0.9997066,20000,3197
463.21057,1.8171268,1.1558064,500.57883,675.0,0.9999938,20000,3197
474.40945,1.2895209,0.06576767,516.8881,675.0,0.998399,20000,3197
441.17764,2.194145,5.966624,493.4972,675.0,0.99997205,20000,3197
438.86575,1.0168747,6.2132792,494.57697,675.0,0.9997619,20000,3197
453.9263,1.897646,3.6305337,498.19684,675.0,0.999451,20000,3197
453.6481,1.677357,4.0914593,495.92038,675.0,0.9999537,20000,3197
455.84918,2.0955696,6.21381,495.5838,675.0,0.9999869,20000,3197
445.78613,2.1061008,1.1374818,484.04056,675.0,0.99850905,20000,3197
473.89297,2.0017867,0.7534339,510.91525,675.0,0.9999984,20000,3197
458.70618,1.7014183,6.2662363,502.6562,675.0,0.9999006,20000,3197
445.5386,1.1317037,0.4239444,489.91174,675.0,0.9996144,20000,3197
464.72495,2.1840575,0.9601222,511.64664,675.0,0.9999528,20000,3197
471.76242,1.2683553,0.0793193,510.64197,675.0,0.99999654,20000,3197
448.74106,2.1280963,5.927004,493.98535,675.0,0.99944454,20000,3197
454.08392,0.80960476,6.2027707,496.463,675.0,0.9999974,20000,3197
437.82382,1.5349162,0.5035944,490.9735,675.0,0.9999784,20000,3197
463.4549,1.5677308,5.9795485,507.99057,675.0,0.99999756,20000,3197
462.18298,1.4820094,2.4973614,501.4857,675.0,0.9998875,20000,3197
415.3267,2.5740256,0.4418191,478.15503,675.0,0.9999373,20000,3197
441.52893,2.0228739,3.9807744,494.3734,675.0,0.9998837,20000,3197
460.10873,1.7407391,0.8850939,505.61798,675.0,0.9999981,20000,3197
447.6108,1.7670289,5.38491,501.8255,675.0,0.99985856,20000,3197
443.07697,1.5918621,5.729378,503.01102,675.0,0.9999979,20000,3197
435.9124,0.61341685,2.2336981,491.8529,675.0,0.9995834,20000,3197
471.02063,1.4734533,5.0569777,503.46957,675.0,0.9995658,20000,3197
464.66443,0.79208636,3.9684985,507.51242,675.0,0.9997666,20000,3197
449.28748,1.7570653,0.91730183,487.77332,675.0,0.9999007,20000,3197
460.79312,1.8410373,6.1984563,500.99478,675.0,0.9999539,20000,3197
447.3149,1.5317259,0.140515,494.23648,675.0,0.99999076,20000,3197
453.58762,1.7370325,0.40531653,497.4558,675.0,0.998458,20000,3197
440.6937,2.1627016,3.992648,483.25223,675.0,0.995872,20000,3197
476.49155,1.2579639,4.5298696,508.14554,675.0,0.9999992,20000,3197
456.82596,1.9199259,0.7324054,497.86087,675.0,0.9999296,20000,3197
454.7615,0.69088984,6.160291,494.09393,675.0,0.99999857,20000,3197
499.29822,1.8993614,4.735436,528.9454,675.0,0.8221904,20000,3197
465.44992,1.8249791,4.147584,503.06442,675.0,0.99994653,20000,3197
468.8452,1.3792405,5.812419,505.08984,675.0,0.999963,20000,3197
418.10352,1.9859259,2.1596203,478.4157,675.0,0.9996364,20000,3197
454.53857,1.6975538,2.648169,499.48105,675.0,0.99907416,20000,3197
478.58063,2.646954,3.2870274,505.51407,675.0,0.9983514,20000,3197
461.0332,1.4032323,5.2127037,502.9264,675.0,0.99998707,20000,3197
462.01697,2.175404,0.93820584,503.46707,675.0,0.99999696,20000,3197
439.39075,1.5032928,0.36427516,506.84286,675.0,0.9975633,20000,3197
437.38098,1.3618711,4.9287934,489.2397,675.0,0.9998546,20000,3197
421.49002,2.14611,1.4422039,481.26865,675.0,0.9999881,20000,3197
448.84277,1.7816757,1.1871763,472.14804,675.0,0.9999123,20000,3197
471.17477,1.1407431,6.101662,499.66547,675.0,0.9979742,20000,3197
456.4871,0.7274916,4.384024,496.03745,675.0,0.9984098,20000,3197
457.4177,1.2091305,0.4352067,492.42862,675.0,0.9999999,20000,3197
450.3024,1.4774836,0.38155416,490.26324,675.0,0.9999141,20000,3197
439.72803,1.4306477,2.5496833,506.0782,675.0,0.9999134,20000,3197
450.54752,2.0978587,3.6388628,492.66028,675.0,0.99828935,20000,3197
449.1838,1.0823548,2.4714348,489.8047,675.0,0.99846035,20000,3197
455.08594,1.9445696,2.959289,498.73303,675.0,0.9999715,20000,3197
444.03204,1.5925331,3.3207674,490.20032,675.0,0.9999889,20000,3197
456.6547,1.8272798,0.5247265,497.39124,675.0,0.9999904,20000,3197
457.32602,1.8287762,5.968701,499.79428,675.0,0.9998969,20000,3197
442.0359,1.8819902,1.2486174,499.02545,675.0,0.99957913,20000,3197
450.37244,0.85746384,1.133725,492.93015,675.0,0.99999934,20000,3197
459.73898,0.70087343,5.8930807,499.21588,675.0,0.99978316,20000,3197
472.38208,1.871152,0.095335774,509.22528,675.0,0.9999843,20000,3197
451.99753,1.7768106,0.64773995,496.02554,675.0,0.9999909,20000,3197
499.2054,2.3326793,1.1290547,530.1434,675.0,0.9822374,20000,3197
435.4177,1.5251803,5.1254616,487.66464,675.0,0.99979347,20000,3197
435.64166,1.6909124,2.0020869,486.85944,675.0,0.9999986,20000,3197
444.59427,1.0625472,4.1201234,492.02213,675.0,0.99988633,20000,3197
480.5573,2.0943165,4.251598,527.76074,675.0,0.9992578,20000,3197
444.62167,1.3207518,2.743667,488.52734,675.0,0.9998691,20000,3197
433.8374,1.4767389,6.0330367,482.4954,675.0,0.9998822,20000,3197
428.1682,2.0307808,5.532155,496.87723,675.0,0.9999587,20000,3197
450.88544,1.3138723,1.0686978,491.71643,675.0,0.99991465,20000,3197
452.9312,1.323064,0.14486668,499.21725,675.0,0.99997133,20000,3197
464.6438,1.7185893,1.4773239,502.79626,675.0,0.99999756,20000,3197
413.59763,2.1985815,1.7023966,473.4324,675.0,0.9951583,20000,3197
460.2798,1.4191096,4.095409,500.4701,675.0,0.9999731,20000,3197
429.46628,0.9753324,0.0631428,484.32193,675.0,0.9994305,20000,3197
422.93213,1.5767689,5.796016,499.42825,675.0,0.999986,20000,3197
441.91034,2.1763053,4.0433598,481.6252,675.0,0.99995464,20000,3197
456.58197,1.7032374,0.4504577,499.45566,675.0,0.9999007,20000,3197
457.8467,1.5427327,5.9300838,496.37067,675.0,0.9999574,20000,3197
463.66394,1.994143,4.3385854,501.36163,675.0,0.99999434,20000,3197
458.53976,1.3140383,6.0675426,496.37195,675.0,0.9999706,20000,3197
438.5314,1.9888617,2.5311022,492.31516,675.0,0.9977204,20000,3197
464.60928,1.8570218,2.338854,503.25702,675.0,0.9999757,20000,3197
454.8066,0.825281,3.2370343,501.77707,675.0,0.99999976,20000,3197
447.92136,1.1468838,3.267345,495.65097,675.0,0.9999897,20000,3197
459.00546,1.8443484,0.88490015,497.93484,675.0,0.99996495,20000,3197
424.11572,1.3636547,0.8551494,472.94897,675.0,0.9999856,20000,3197
448.8462,1.11028,1.8143058,494.51492,675.0,0.9985192,20000,3197
455.59787,1.0818459,1.3097962,490.74582,675.0,0.99981135,20000,3197
463.1536,2.1312468,4.78467,503.0839,675.0,0.99916404,20000,3197
456.01987,1.7263867,4.908519,500.2175,675.0,0.9998382,20000,3197
455.34528,1.9181294,4.965387,497.682,675.0,0.9996631,20000,3197
436.9448,0.689873,5.4837713,486.1779,675.0,0.9988651,20000,3197
439.03333,1.6023002,5.1961775,483.6851,675.0,0.99839956,20000,3197
452.5466,1.8196658,3.0639029,495.58997,675.0,0.99999994,20000,3197
462.67017,1.6438127,3.685529,504.04135,675.0,0.9999882,20000,3197
460.22632,2.4169037,2.6338265,496.3539,675.0,0.9986759,20000,3197
438.6389,1.9581103,4.6658773,490.63727,675.0,0.99999875,20000,3197
441.74728,1.6090826,4.8453646,492.17505,675.0,0.99997514,20000,3197
484.4412,1.9541205,3.7539587,516.54865,675.0,0.99754095,20000,3197
445.10568,1.3001077,1.7813765,495.85236,675.0,0.9999612,20000,3197
447.15808,1.4333723,1.6197996,497.92343,675.0,0.9999987,20000,3197
456.85944,2.4806335,6.1535807,498.13065,675.0,0.99876136,20000,3197
495.2611,1.1103687,1.8183203,522.407,675.0,0.999829,20000,3197
451.96158,0.4131348,5.3110547,528.3686,675.0,0.9705201,20000,3197
455.56857,1.5408882,2.095041,494.1763,675.0,0.9999998,20000,3197
477.98944,1.9347111,0.015145444,507.3442,675.0,0.9999877,20000,3197
459.56302,1.3033308,1.7119311,498.03772,675.0,0.99947333,20000,3197
451.15762,1.5312625,3.2249691,495.49805,675.0,0.9998664,20000,3197
428.18845,0.4731243,1.3598346,487.6267,675.0,0.9999207,20000,3197
433.4372,1.453346,2.1190236,485.91928,675.0,0.9999945,20000,3197
470.6013,1.9032719,0.5100765,506.30972,675.0,0.999991,20000,3197
445.49646,1.2847345,6.101906,488.09613,675.0,0.9999907,20000,3197
439.51303,2.1292946,0.1705013,486.8874,675.0,0.9989618,20000,3197
451.6701,1.8713375,1.018001,495.62375,675.0,0.99950266,20000,3197
457.9599,1.4813889,0.6335654,504.44733,675.0,0.999673,20000,3197
454.2844,2.0025017,3.277304,496.2922,675.0,0.9999626,20000,3197
457.53275,1.9450915,0.5286867,497.41672,675.0,0.9999692,20000,3197
480.81003,1.5189532,0.3484531,514.5251,675.0,0.9005756,20000,3197
454.37958,1.1424553,0.8440184,494.72,675.0,0.99999624,20000,3197
444.02582,1.8007272,3.0907805,500.3708,675.0,0.99999875,20000,3197
452.28732,1.2983423,0.84518707,493.225,675.0,0.9997654,20000,3197
455.64554,1.2260442,5.234966,492.98303,675.0,0.9996305,20000,3197
456.02505,1.2107493,3.4146237,517.4295,675.0,0.99791986,20000,3197
478.5168,2.42286,2.9727497,515.34875,675.0,0.9996174,20000,3197
412.4172,1.0410743,3.5041666,461.62283,675.0,0.9996395,20000,3197
446.84402,1.1860245,4.622587,493.26743,675.0,0.99783814,20000,3197
458.3678,1.1268985,2.9238787,502.18127,675.0,0.9999091,20000,3197
459.3347,1.7955132,6.0193954,496.52655,675.0,0.9994547,20000,3197
450.90082,1.683983,5.557822,489.69208,675.0,0.99946785,20000,3197
473.43213,0.7355347,6.203101,504.69772,675.0,0.99746907,20000,3197
443.54376,1.1797723,6.232906,469.9806,675.0,0.98797625,20000,3197
451.11728,1.3999926,1.7614573,510.311,675.0,0.99992234,20000,3197
466.59088,2.1466327,1.4411111,504.2241,675.0,0.99997497,20000,3197
458.85608,1.3884013,1.1561575,495.502,675.0,0.99988335,20000,3197
453.9802,1.8062029,5.4901834,498.18704,675.0,0.99994963,20000,3197
453.31488,1.2172424,5.94322,498.26056,675.0,0.99957097,20000,3197
477.32083,1.4894364,5.34149,490.92117,675.0,0.9999513,20000,3197
475.37924,1.7792166,4.852578,504.21478,675.0,0.99986833,20000,3197
435.04752,1.6103549,2.2677603,489.43082,675.0,0.9999343,20000,3197
458.72162,2.1372013,1.0900558,500.18253,675.0,0.9999906,20000,3197
451.43643,2.3417816,3.9066703,494.6903,675.0,0.9998771,20000,3197
456.78802,1.5609019,5.6192517,499.33365,675.0,0.9995695,20000,3197
456.74634,1.7045157,5.0164943,497.40714,675.0,0.997952,20000,3197
451.99307,1.8339893,0.8101653,495.11548,675.0,0.9999736,20000,3197
441.4636,1.667267,0.2761328,492.53275,675.0,0.99999493,20000,3197
442.75424,1.9957867,3.9160478,494.67337,675.0,0.99998224,20000,3197
461.9381,1.5280869,2.7932746,498.62387,675.0,0.9998163,20000,3197
475.841,1.5618447,5.4035788,517.58344,675.0,0.99860895,20000,3197
436.10388,1.3980272,1.4231132,488.0507,675.0,0.999998,20000,3197
447.37097,1.2284501,4.7668414,491.1897,675.0,0.9997403,20000,3197
466.03363,1.9737008,1.9659704,489.9844,675.0,0.9999154,20000,3197
468.84683,1.4992149,4.5188985,506.50272,675.0,0.9986772,20000,3197
472.0243,1.7283809,2.7208428,503.76385,675.0,0.9990394,20000,3197
433.64783,2.0804858,5.0893497,480.20892,675.0,0.9968395,20000,3197
450.6185,1.1051265,1.4607351,489.82382,675.0,0.99999124,20000,3197
452.64218,1.3552784,0.18346392,497.7244,675.0,0.9999402,20000,3197
456.9751,1.9178811,1.3125248,504.40277,675.0,0.9997396,20000,3197
446.945,2.1981843,4.966542,498.63876,675.0,0.99842316,20000,3197
463.62256,1.8368688,0.33162025,502.0474,675.0,0.9999922,20000,3197
436.99463,1.6623206,0.4166734,490.84372,675.0,0.9999479,20000,3197
447.23022,1.9363734,6.154554,492.225,675.0,0.9999778,20000,3197
437.32895,1.6489637,4.1759315,490.35263,675.0,0.9968296,20000,3197
448.22803,2.027917,0.17349577,494.2818,675.0,0.999903,20000,3197
440.15787,1.0857221,3.1817367,491.74,675.0,0.9999024,20000,3197
459.29214,1.3364806,5.4357624,498.52185,675.0,0.9998678,20000,3197
441.7032,1.2482485,4.5437517,492.31473,675.0,0.99911326,20000,3197
423.82294,1.6625321,1.0506574,481.43375,675.0,0.9972313,20000,3197
412.94424,1.68258,0.982317,490.75156,675.0,0.9999999,20000,3197
471.14786,0.9226895,1.1415203,485.04404,675.0,0.9991728,20000,3197
464.85733,1.469582,3.0463393,503.02448,675.0,0.9999105,20000,3197
471.82547,0.8080923,2.5848656,509.58142,675.0,0.9988049,20000,3197
447.6861,1.5232296,4.535346,493.72595,675.0,0.99971896,20000,3197
444.771,2.1218538,5.758937,498.24405,675.0,0.9997954,20000,3197
430.56976,1.9680325,4.188992,489.0702,675.0,0.99945605,20000,3197
492.42603,1.0713867,1.4804739,521.4406,675.0,0.9993923,20000,3197
439.81052,1.737083,0.10517813,484.43146,675.0,0.99994254,20000,3197
456.68896,1.6671096,0.5150995,497.40207,675.0,0.9999688,20000,3197
455.30585,2.4999883,0.09468908,490.4244,675.0,0.99647456,20000,3197
458.33432,1.9097322,2.8517098,498.93912,675.0,0.99999744,20000,3197
454.34735,2.0236995,2.835463,498.2501,675.0,0.99999416,20000,3197
453.2535,2.373311,2.0542443,482.0301,675.0,0.9954408,20000,3197
463.1044,1.6656816,4.878389,502.37466,675.0,0.999931,20000,3197
427.7975,1.2195958,2.5596929,488.3128,675.0,0.99999744,20000,3197
448.7554,1.5464816,1.4673166,495.273,675.0,0.99996555,20000,3197
459.96658,2.2060242,4.799013,499.1816,675.0,0.9999772,20000,3197
455.74774,0.794081,2.975096,496.9684,675.0,0.9998175,20000,3197
448.0437,1.5287559,4.688315,494.26636,675.0,0.9973067,20000,3197
445.26486,1.8686388,4.1967874,493.93362,675.0,0.9997207,20000,3197
446.31763,1.337838,6.0132093,494.63687,675.0,0.99894744,20000,3197
460.44165,1.2795419,4.942865,501.5109,675.0,0.9999615,20000,3197
445.87607,1.7637994,3.9103715,492.8411,675.0,0.9999049,20000,3197
456.91046,1.8279626,2.8685277,495.72684,675.0,0.9999995,20000,3197
466.5694,1.7461545,2.237321,501.28467,675.0,0.99974585,20000,3197
423.25992,2.2358296,2.0256095,479.68063,675.0,0.9995041,20000,3197
446.16925,1.3583505,2.7429972,493.74628,675.0,0.9999748,20000,3197
442.30215,2.2350507,1.5962384,495.67496,675.0,0.9946136,20000,3197
456.14954,1.3191347,1.3363439,494.83463,675.0,0.99991274,20000,3197
462.4022,1.9177881,6.066242,497.06805,675.0,0.9991127,20000,3197
429.32333,1.5217427,0.9715756,492.9763,675.0,0.99999887,20000,3197
440.35437,1.7115368,1.5449504,497.8061,675.0,0.999999,20000,3197
456.77606,2.400461,0.67536896,499.75333,675.0,0.99997824,20000,3197
451.6139,0.5232519,0.9962578,498.74072,675.0,0.967687,20000,3197
443.7806,1.7626731,2.7603793,492.82172,675.0,0.99996656,20000,3197
443.4826,1.2411239,3.5051792,493.9187,675.0,0.9999818,20000,3197
461.43787,1.7698247,3.234216,505.61084,675.0,0.9999977,20000,3197
459.955,0.9815651,3.246948,493.91122,675.0,0.99597114,20000,3197
466.95346,0.90359765,1.372429,508.57108,675.0,0.99812037,20000,3197
437.38824,1.1764001,0.473924,503.66104,675.0,0.9999779,20000,3197
441.3212,1.1708404,0.9030533,492.18353,675.0,0.99710995,20000,3197
448.3944,0.9874287,0.189562,492.67606,675.0,0.9999949,20000,3197
459.21484,1.7235225,4.6264954,498.74167,675.0,0.99994034,20000,3197
427.57816,1.0671086,4.666698,494.7471,675.0,0.99813837,20000,3197
459.05063,1.7576051,0.74177855,499.31677,675.0,0.9996186,20000,3197
440.51947,1.2983847,3.5214386,489.39728,675.0,0.9998141,20000,3197
446.42624,2.0158567,3.8283725,493.7811,675.0,0.9999694,20000,3197
478.94962,2.0156317,0.3482459,515.6734,675.0,0.99952763,20000,3197
471.13492,2.0350304,2.4637723,502.2793,675.0,0.99996805,20000,3197
423.862,1.7290678,2.9305575,492.60242,675.0,0.9993744,20000,3197
458.6871,1.8172278,1.4095556,501.95746,675.0,0.99987084,20000,3197
448.36398,1.8110085,5.6196456,492.70178,675.0,0.99925536,20000,3197
469.12543,2.05959,5.352582,505.16782,675.0,0.9998287,20000,3197
462.38806,1.4318826,4.0320425,500.8433,675.0,0.99999154,20000,3197
469.63013,1.1217368,2.5285733,503.6076,675.0,0.9914636,20000,3197
432.50186,1.0255675,2.662236,488.8535,675.0,0.99996156,20000,3197
447.13425,1.1670682,5.0227137,495.2147,675.0,0.999599,20000,3197
448.73718,1.9483123,5.7197056,493.39557,675.0,0.9999725,20000,3197
468.77142,0.7681179,2.4891508,497.2924,675.0,0.9994346,20000,3197
452.16354,0.5986395,4.7255697,491.85657,675.0,0.9996245,20000,3197
484.45685,0.56255984,1.79834,505.56415,675.0,0.9999929,20000,3197
428.76205,1.5685017,1.4567518,483.99084,675.0,0.99934864,20000,3197
458.92984,1.5970677,5.4228487,495.85718,675.0,0.99211335,20000,3197
455.4936,1.7627746,3.716457,499.30936,675.0,0.9996469,20000,3197
433.86728,1.7168113,3.0848992,485.37,675.0,0.99999994,20000,3197
450.59494,1.6377047,4.183397,491.9765,675.0,0.9999962,20000,3197
488.49792,0.7798848,5.6981726,516.0559,675.0,0.9957054,20000,3197
452.6909,1.615355,5.9404306,495.62302,675.0,0.99994224,20000,3197
462.59204,0.7325499,5.2006,503.89905,675.0,0.99911803,20000,3197
467.5795,1.2979062,2.958169,503.6087,675.0,0.99995327,20000,3197
466.36664,1.1743245,3.309668,511.16284,675.0,0.9999831,20000,3197
452.38797,1.8573542,6.233231,497.2417,675.0,0.9999574,20000,3197
477.0254,1.0696102,5.496175,507.25287,675.0,0.9999992,20000,3197
453.67307,1.7272232,4.47324,498.4094,675.0,0.99999994,20000,3197
462.67593,1.8322273,3.5660224,496.14902,675.0,0.998235,20000,3197
430.9504,1.512431,6.106052,500.2238,675.0,0.9999649,20000,3197
464.01694,1.5370436,2.9942646,501.69894,675.0,0.99999475,20000,3197
454.41022,1.7427435,5.5991197,497.19388,675.0,0.9999966,20000,3197
457.3831,1.3308773,2.9135752,505.47485,675.0,0.9997193,20000,3197
447.19516,1.6040002,0.4677095,494.55707,675.0,0.9998141,20000,3197
450.77524,1.879973,4.477732,498.07477,675.0,0.9991233,20000,3197
463.54846,1.1517441,2.6818888,503.3928,675.0,0.99993,20000,3197
452.89932,1.9304684,3.5035524,487.91806,675.0,0.9999778,20000,3197
490.96103,1.2291166,3.5972128,519.1274,675.0,0.99641216,20000,3197
457.56046,2.1135294,4.559113,501.09598,675.0,0.9955633,20000,3197
451.9739,1.4155467,2.625129,493.97983,675.0,0.99995434,20000,3197
464.67404,1.484986,5.9167366,503.12204,675.0,0.9999951,20000,3197
460.47433,2.0719078,5.886848,504.05997,675.0,0.9991844,20000,3197
476.37875,1.8889222,6.100084,503.7606,675.0,0.99998754,20000,3197
454.8451,1.3021586,6.074445,497.37537,675.0,0.9999592,20000,3197
483.8414,2.7861185,0.29530144,521.4662,675.0,0.9962432,20000,3197
452.34622,1.2693659,1.8968188,496.25473,675.0,0.9999687,20000,3197
473.33182,1.3303007,4.3924775,503.84103,675.0,0.99975544,20000,3197
495.55887,2.2128348,0.10080671,511.50623,675.0,0.9999895,20000,3197
430.82568,1.3633919,3.3075502,492.45825,675.0,0.995878,20000,3197
451.07156,2.1948988,2.0934725,493.28525,675.0,0.99948144,20000,3197
476.05368,1.9895616,4.788029,503.73087,675.0,0.9997387,20000,3197
453.70773,1.540935,3.004101,495.24792,675.0,0.9999995,20000,3197
461.87784,1.23284,2.5713356,496.15445,675.0,0.99994034,20000,3197
470.1273,1.0611831,4.394942,496.80963,675.0,0.9999715,20000,3197
468.49805,0.9307883,3.8271048,503.0317,675.0,0.9990268,20000,3197
448.60706,1.1571321,3.3789206,491.96274,675.0,0.9999833,20000,3197
445.3347,1.6258733,1.951167,497.8585,675.0,0.9997701,20000,3197
475.85178,1.2357644,0.040588934,494.79443,675.0,0.9994196,20000,3197
429.33228,1.6145396,5.1256695,475.37698,675.0,0.99908906,20000,3197
438.69003,1.9954137,1.5147872,484.40375,675.0,0.9999715,20000,3197
416.67596,1.7002071,5.3244233,468.00488,675.0,0.9647713,20000,3197
446.04434,1.1356897,4.0424376,488.4849,675.0,0.9998317,20000,3197
455.45898,1.3437701,3.8456895,440.59534,675.0,0.9995497,20000,3197
483.79993,0.8756258,4.0013657,504.97574,675.0,0.9994425,20000,3197
418.79968,1.0573117,0.759213,478.68768,675.0,0.9993712,20000,3197
452.9803,1.1636754,3.9026835,497.365,675.0,0.99993366,20000,3197
456.30774,1.5597548,3.5323923,486.71817,675.0,0.9997585,20000,3197
452.4326,1.2380522,5.000591,491.55228,675.0,0.9999761,20000,3197
429.26953,1.581537,4.0768356,486.26175,675.0,0.9999984,20000,3197
485.0674,1.918,4.2086835,509.9903,675.0,0.9999863,20000,3197
453.62872,1.5056134,4.174987,488.86075,675.0,0.99908704,20000,3197
461.99744,2.0475912,4.1467066,505.546,675.0,0.99996084,20000,3197
450.8065,1.5238591,0.10231735,495.0788,675.0,0.99978274,20000,3197
441.91672,2.1487548,5.6132517,487.56693,675.0,0.99980515,20000,3197
435.1132,1.4792922,5.2841115,484.02652,675.0,1.0,20000,3197
454.9013,1.7748317,2.4516113,497.95285,675.0,0.99993545,20000,3197
431.3713,2.1163483,0.44455868,486.80286,675.0,0.99997735,20000,3197
423.29016,2.1960006,2.7259357,494.18964,675.0,0.9973782,20000,3197
427.15976,2.2113307,5.1282196,479.66846,675.0,0.9994549,20000,3197
460.63034,1.6128352,3.2835782,505.58282,675.0,0.9972506,20000,3197
447.1416,1.4784821,5.292619,493.2262,675.0,0.99997896,20000,3197
457.7911,1.8328409,5.320613,498.03766,675.0,0.9999998,20000,3197
434.72845,1.8858243,1.1077254,547.57776,675.0,0.86622465,20000,3197
445.94485,1.629763,2.9996455,493.3711,675.0,0.99999946,20000,3197
472.57797,2.50674,3.0609002,509.4755,675.0,0.99809456,20000,3197
442.31006,1.046556,0.4759516,494.25024,675.0,0.999854,20000,3197
479.13556,1.309242,3.1480017,514.8179,675.0,0.99996376,20000,3197
461.86328,2.6090152,1.225257,501.21887,675.0,0.9999819,20000,3197
460.76407,0.9216797,2.0195417,497.3938,675.0,0.9999584,20000,3197
446.2893,1.7971005,2.2011888,493.9891,675.0,0.99995106,20000,3197
477.37384,2.4698794,3.00726,509.07745,675.0,0.99988633,20000,3197
479.21152,0.9721274,5.749888,519.4218,675.0,0.99999976,20000,3197
454.96967,1.4413469,5.952553,544.96094,675.0,0.99646795,20000,3197
499.34415,1.5100113,5.563531,515.07135,675.0,0.9999998,20000,3197
427.31372,2.106082,1.7021146,497.46606,675.0,0.9999912,20000,3197
461.13605,1.8824961,3.9661183,502.1244,675.0,0.99973416,20000,3197
444.36597,1.4668058,1.1946051,496.28885,675.0,0.9999998,20000,3197
448.2451,1.8162129,4.866941,495.19885,675.0,0.9999863,20000,3197
414.41678,0.77617204,4.8068533,478.19153,675.0,0.9976787,20000,3197
456.084,1.1864704,4.6692924,495.80322,675.0,0.99999547,20000,3197
462.64996,1.3732361,2.6448123,502.4511,675.0,0.9999681,20000,3197
444.074,1.4524744,0.5683961,497.20953,675.0,0.9999556,20000,3197
448.83652,1.6766415,1.0315338,489.38977,675.0,0.9997739,20000,3197
439.52362,1.0864217,3.2208514,483.9706,675.0,0.99999964,20000,3197
451.00394,1.0633872,1.945892,497.12143,675.0,0.9974558,20000,3197
457.22864,2.0794404,1.9995648,498.26337,675.0,0.9998843,20000,3197
458.3322,1.755042,4.2468786,495.32077,675.0,0.99994403,20000,3197
442.71378,1.9933982,4.6462216,469.84888,675.0,0.9461459,20000,3197
439.64343,1.7094706,1.4866717,485.4428,675.0,0.999998,20000,3197
457.50302,1.5445951,4.4762063,497.8076,675.0,0.9985158,20000,3197
459.65735,0.8527602,0.6902798,502.47656,675.0,0.9999469,20000,3197
466.19904,0.85102993,3.297783,497.30203,675.0,0.9992031,20000,3197
459.78363,1.2735635,0.90493315,500.42624,675.0,0.9987961,20000,3197
468.3067,2.5948648,6.217961,512.7058,675.0,0.9925839,20000,3197
466.54303,1.7466542,3.2684503,503.28677,675.0,0.9998224,20000,3197
450.88538,1.4298594,4.795039,492.1722,675.0,0.9998778,20000,3197
432.80582,0.8007769,3.6878903,485.2289,675.0,0.9973609,20000,3197
447.9854,1.7422314,0.61216277,504.4726,675.0,0.9980805,20000,3197
440.32724,1.3217099,3.8762975,490.85196,675.0,0.999955,20000,3197
449.95947,1.5378041,1.3115716,498.4973,675.0,0.99996525,20000,3197
451.09897,1.3263131,0.77306503,522.8484,675.0,0.9999581,20000,3197
443.09427,2.0738506,3.7608397,493.1896,675.0,0.9999841,20000,3197
471.4484,1.6056876,5.5660086,498.34433,675.0,0.99984443,20000,3197
445.57455,1.7345834,5.943518,489.42596,675.0,0.99990344,20000,3197
464.44794,2.0887794,2.7444167,501.97098,675.0,0.99986184,20000,3197
460.37415,1.2238337,6.101852,501.84335,675.0,1.0,20000,3197
452.0968,1.7638062,0.6260047,492.9212,675.0,0.9999933,20000,3197
472.94202,1.1462474,1.4085358,499.9308,675.0,0.999941,20000,3197
444.4923,2.1225708,3.253677,490.31314,675.0,0.9999449,20000,3197
422.31287,2.386685,1.596721,489.2106,675.0,0.9997582,20000,3197
464.028,2.3135362,6.112191,501.34314,675.0,0.99997485,20000,3197
442.891,1.0931319,5.9519367,493.00143,675.0,0.9998902,20000,3197
446.82068,1.6272678,6.2392216,493.88864,675.0,0.9986073,20000,3197
432.9411,1.3033196,0.99659336,471.0894,675.0,0.97968537,20000,3197
449.4608,1.3085428,6.1315575,496.12357,675.0,0.99982035,20000,3197
449.36243,1.2033186,2.165861,495.62817,675.0,0.99974215,20000,3197
460.02002,2.116076,1.5352428,498.71768,675.0,0.99967176,20000,3197
462.94244,1.3208922,5.786414,502.48203,675.0,0.99770045,20000,3197
453.62552,1.4351062,4.7220974,492.46143,675.0,0.9998174,20000,3197
449.94656,1.2589085,4.175881,485.7662,675.0,0.9999802,20000,3197
456.07684,0.9909311,5.7101426,507.05838,675.0,0.99712986,20000,3197
432.28604,1.9421247,1.059186,499.24567,675.0,0.99984986,20000,3197
413.74316,1.4531362,0.75085545,489.31464,675.0,0.99831563,20000,3197
446.70053,1.1660053,1.1771299,494.19632,675.0,0.99975735,20000,3197
454.64648,1.1929624,4.6869845,491.41904,675.0,0.9938258,20000,3197
490.70535,2.1341345,0.39375368,506.78967,675.0,0.9999476,20000,3197
449.55957,1.8402399,4.0545735,495.77267,675.0,0.9997486,20000,3197
476.6371,2.632133,4.7231064,510.43756,675.0,0.91886175,20000,3197
454.9189,1.6634805,2.7199147,468.88077,675.0,0.9299514,20000,3197
461.36108,1.5334016,2.528023,502.90628,675.0,0.9999476,20000,3197
466.32513,1.2293826,2.3900926,498.70593,675.0,0.99986637,20000,3197
437.38052,1.7599112,5.7362285,495.2364,675.0,0.99932665,20000,3197
454.396,1.7596548,3.7388136,500.26248,675.0,0.99999976,20000,3197
438.7697,0.79269236,3.5225775,501.10062,675.0,0.99994224,20000,3197
446.5189,1.1348846,3.2340376,486.19565,675.0,0.9999419,20000,3197
465.0484,1.414646,1.1700832,504.30463,675.0,0.9999416,20000,3197
453.24158,2.337508,3.8157582,498.59726,675.0,0.9997316,20000,3197
459.53293,1.6297257,1.9045589,499.01627,675.0,0.99977094,20000,3197
462.82376,1.695667,5.8101163,498.9473,675.0,0.99999785,20000,3197
469.80344,1.2228621,0.6011047,508.15884,675.0,0.9996722,20000,3197
416.87073,1.5021578,6.2713976,500.33713,675.0,0.8807317,20000,3197
472.41772,1.7005239,2.6924677,498.21655,675.0,0.9999939,20000,3197
431.50775,1.3326265,5.1361747,501.34723,675.0,0.99644667,20000,3197
446.8605,2.3337193,5.777959,492.69574,675.0,0.9997888,20000,3197
475.50778,1.5479184,5.279075,504.14008,675.0,0.9999101,20000,3197
481.5698,0.8516334,2.2861376,507.73495,675.0,0.99998015,20000,3197
459.56104,1.5721536,5.2161098,495.563,675.0,0.99792284,20000,3197
433.3801,1.778251,5.5456276,500.91953,675.0,0.99963135,20000,3197
440.47952,1.1807636,2.3667037,490.61832,675.0,0.99992883,20000,3197
417.5273,0.6183943,2.2233634,499.03027,675.0,0.99968797,20000,3197
445.31747,1.4490476,2.2736702,494.39212,675.0,0.99990827,20000,3197
457.13092,1.846413,3.0455563,502.3732,675.0,0.99999946,20000,3197
438.27518,1.9304154,2.0777323,485.42657,675.0,0.9998221,20000,3197
428.34708,1.5593152,4.540349,484.10596,675.0,0.9998372,20000,3197
442.3814,1.0067843,0.18260309,487.41913,675.0,0.9999389,20000,3197
445.5564,1.3168921,0.6857653,492.54965,675.0,0.999866,20000,3197
431.90375,1.4103335,4.2142067,498.12527,675.0,0.9999121,20000,3197
445.4659,1.7934681,1.6430517,503.71747,675.0,0.9999977,20000,3197
444.4405,1.5993612,0.8490027,490.5005,675.0,0.99981546,20000,3197
460.9594,1.5424473,2.1416545,501.89853,675.0,0.99952155,20000,3197
444.5289,1.1516943,3.1968472,491.14233,675.0,0.9999653,20000,3197
426.3349,1.1342082,2.0659018,487.19528,675.0,0.99954206,20000,3197
450.29367,1.9630021,2.3152099,495.39996,675.0,0.9999762,20000,3197
425.9073,1.1188887,1.007967,456.81467,675.0,0.96325463,20000,3197
474.8433,1.4589934,2.5330617,500.90152,675.0,0.99971384,20000,3197
446.027,1.2051555,5.9243865,494.0836,675.0,0.9999375,20000,3197
449.1305,1.9393923,5.315161,496.6906,675.0,0.99998975,20000,3197
449.66052,1.83487,4.948542,494.8981,675.0,0.99997246,20000,3197
470.3744,2.1879535,5.9137077,507.10553,675.0,0.9999212,20000,3197
453.99277,1.3950793,4.443774,496.85,675.0,0.9972342,20000,3197
459.69446,2.0451088,3.6240819,503.67606,675.0,0.99725074,20000,3197
448.56342,1.5438074,5.34738,494.67645,675.0,0.9999993,20000,3197
464.33734,0.93349373,0.7000133,503.83792,675.0,0.9999996,20000,3197
465.41904,2.6002166,3.207725,511.54865,675.0,0.98534656,20000,3197
442.03348,0.90376335,2.0181036,495.31583,675.0,0.9987537,20000,3197
452.85553,1.2307862,5.785527,496.45755,675.0,0.9999511,20000,3197
452.39432,1.2230636,0.61618894,489.52267,675.0,0.9829185,20000,3197
449.9672,1.1083277,5.541631,504.72263,675.0,0.9998169,20000,3197
452.4021,1.9337628,1.6445822,512.28845,675.0,0.9954602,20000,3197
468.6733,1.2825434,0.97010946,522.8156,675.0,0.99296075,20000,3197
484.29248,1.1743865,3.1906726,519.34937,675.0,0.98991996,20000,3197
448.0887,2.296232,4.6673207,493.52948,675.0,0.98381007,20000,3197
414.76474,2.551083,5.269664,472.35684,675.0,0.99988025,20000,3197
426.96848,1.7224773,1.0378579,497.3833,675.0,0.9999827,20000,3197
442.3605,1.2951596,3.411458,482.48975,675.0,0.99998504,20000,3197
442.3832,1.2752784,3.4532864,491.42685,675.0,0.99990845,20000,3197
472.95074,1.9172263,5.602102,512.29,675.0,0.9999601,20000,3197
463.07858,2.2887022,0.757326,498.74057,675.0,0.99999994,20000,3197
457.55005,1.0103011,0.8272911,508.53754,675.0,0.8311403,20000,3197
454.31683,2.0241368,1.6265668,503.56516,675.0,0.99794126,20000,3197
457.44238,0.93367904,2.3937464,508.8732,675.0,0.9991001,20000,3197
428.74493,1.872987,3.9054723,498.96393,675.0,0.9999719,20000,3197
459.5415,2.1147177,1.6388738,501.3378,675.0,0.9999469,20000,3197
449.5996,1.1637677,5.286587,490.6475,675.0,0.9997435,20000,3197
453.79984,2.0361497,6.057012,484.6526,675.0,0.99995214,20000,3197
456.82404,1.5109055,2.4009132,496.84674,675.0,0.9999297,20000,3197
449.8406,1.9151561,4.6664786,476.6699,675.0,0.9990533,20000,3197
434.95364,0.89980626,4.8905478,484.58322,675.0,0.9993575,20000,3197
440.748,1.7985308,1.5740716,479.65564,675.0,0.9961178,20000,3197
458.5086,1.5961109,0.6247432,494.60873,675.0,0.99999857,20000,3197
455.84204,1.2585754,4.9883256,491.9366,675.0,0.9987765,20000,3197
442.31705,1.1869913,3.1367655,493.45422,675.0,0.9999995,20000,3197
459.8423,1.3466612,0.5348191,500.10324,675.0,0.99985033,20000,3197
450.62247,1.4307494,5.1144166,497.01974,675.0,0.99991906,20000,3197
461.8519,1.7573165,0.44014904,497.98032,675.0,0.99999315,20000,3197
450.36374,1.7824861,4.1375537,494.97934,675.0,0.99999887,20000,3197
426.57504,1.9254292,5.83215,479.50522,675.0,0.9868175,20000,3197
450.63092,1.6915026,3.4156528,494.16248,675.0,0.99917966,20000,3197
474.01215,1.2819797,4.061626,477.3587,675.0,0.99999905,20000,3197
417.39343,2.154657,1.8069986,473.27203,675.0,0.99999404,20000,3197
457.57208,1.85157,1.913563,499.8731,675.0,0.9999717,20000,3197
455.62613,1.2983909,4.442596,495.88165,675.0,0.9997189,20000,3197
